{
"lengthUnit": "mil",
"components": {
	"fields": ["COMPONENT_NO", "COMPONENT_NAME", "LAYER", "X_COORDINATE", "Y_COORDINATE", "ANGLE"],
	"rows": [
		[1, "2K", "T", 1244.66, -445.34, 270],
		[2, "5.1K", "T", 1130.68, -444.23, 270],
		[3, "5.1KN1", "T", 950, -444.23, 270],
		[4, "10uf", "T", 655, -465.82, 270],
		[5, "10uf", "T", 846.48, -465.82, 270],
		[6, "10ufN1", "T", 1747.56, -287.56, 270],
		[7, "100nf", "T", 1870, -285, 270],
		[8, ".1uf", "T", 750, -465.82, 270],
		[9, "C6", "T", 159.96, -1191.69, 180],
		[10, "C7", "T", 159.96, -1122.36, 180],
		[11, "C8", "T", 988.74, -1376.69, 180],
		[12, "C9", "T", 988.74, -1307.36, 180],
		[13, "C10", "T", 1777.04, -1312.36, 180],
		[14, "C11", "T", 1777.04, -1381.69, 180],
		[15, "C12", "T", 2454.21, -977.91, 270],
		[16, "C13", "T", 2524.21, -977.91, 270],
		[17, "F3", "T", 1520, -265, 0],
		[18, "LED1", "T", 1468.32, -476.69, 0],
		[19, "U1", "T", 875, -675, 270],
		[20, "U5", "T", 590.55, -1181.1, 0],
		[21, "U6", "T", 1377.95, -1181.1, 0],
		[22, "U7", "T", 2165.35, -1181.1, 0],
		[23, "U8", "T", 2362.2, -590.55, 90],
		[24, "USB6", "T", 1065, -175, 180],
		[25, "X1", "T", 430, -655, 90]
	]
},
"pins": {
	"fields": ["PIN_NO", "PIN_NAME", "PIN_X", "PIN_Y", "LAYER", "PIN_TYPE", "NET_NAME", "NET_TYPE", "PAD_SHAPE", "PAD_SIZEX", "PAD_SIZEY", "HOLE_SIZE", "PAD_ANGLE"],
	"rows": [
		[1, "2K_1", 1244.66, -415.68, "T", "SMD", "GND", "GND", "R", 31.75, 34.02, 0, 270],
		[2, "2K_2", 1244.66, -475, "T", "SMD", "$1N4609", "", "R", 31.75, 34.02, 0, 270],
		[3, "5.1K_1", 1130.68, -414.57, "T", "SMD", "CC1", "", "R", 31.75, 34.02, 0, 270],
		[4, "5.1K_2", 1130.68, -473.89, "T", "SMD", "GND", "GND", "R", 31.75, 34.02, 0, 270],
		[5, "5.1KN1_1", 950, -414.57, "T", "SMD", "CC2", "", "R", 31.75, 34.02, 0, 270],
		[6, "5.1KN1_2", 950, -473.89, "T", "SMD", "GND", "GND", "R", 31.75, 34.02, 0, 270],
		[7, "10uf_1", 655, -426.45, "T", "SMD", "GND", "GND", "R", 55.51, 53.15, 0, 270],
		[8, "10uf_2", 655, -505.19, "T", "SMD", "VDD33", "", "R", 55.51, 53.15, 0, 270],
		[9, "10uf_1", 846.48, -426.45, "T", "SMD", "GND", "GND", "R", 55.51, 53.15, 0, 270],
		[10, "10uf_2", 846.48, -505.19, "T", "SMD", "VBUS", "", "R", 55.51, 53.15, 0, 270],
		[11, "10ufN1_1", 1747.56, -260, "T", "SMD", "GND", "GND", "R", 31.5, 35.43, 0, 270],
		[12, "10ufN1_2", 1747.56, -315.12, "T", "SMD", "VBUS", "", "R", 31.5, 35.43, 0, 270],
		[13, "100nf_1", 1870, -257.44, "T", "SMD", "GND", "GND", "R", 31.5, 35.43, 0, 270],
		[14, "100nf_2", 1870, -312.56, "T", "SMD", "VBUS", "", "R", 31.5, 35.43, 0, 270],
		[15, ".1uf_1", 750, -426.45, "T", "SMD", "GND", "GND", "R", 55.51, 53.15, 0, 270],
		[16, ".1uf_2", 750, -505.19, "T", "SMD", "VDD33", "", "R", 55.51, 53.15, 0, 270],
		[17, "C6_1", 187.52, -1191.69, "T", "SMD", "VBUS", "", "R", 31.5, 35.43, 0, 180],
		[18, "C6_2", 132.4, -1191.69, "T", "SMD", "GND", "GND", "R", 31.5, 35.43, 0, 180],
		[19, "C7_1", 187.52, -1122.36, "T", "SMD", "VBUS", "", "R", 31.5, 35.43, 0, 180],
		[20, "C7_2", 132.4, -1122.36, "T", "SMD", "GND", "GND", "R", 31.5, 35.43, 0, 180],
		[21, "C8_1", 1016.3, -1376.69, "T", "SMD", "VBUS", "", "R", 31.5, 35.43, 0, 180],
		[22, "C8_2", 961.18, -1376.69, "T", "SMD", "GND", "GND", "R", 31.5, 35.43, 0, 180],
		[23, "C9_1", 1016.3, -1307.36, "T", "SMD", "VBUS", "", "R", 31.5, 35.43, 0, 180],
		[24, "C9_2", 961.18, -1307.36, "T", "SMD", "GND", "GND", "R", 31.5, 35.43, 0, 180],
		[25, "C10_1", 1804.6, -1312.36, "T", "SMD", "VBUS", "", "R", 31.5, 35.43, 0, 180],
		[26, "C10_2", 1749.48, -1312.36, "T", "SMD", "GND", "GND", "R", 31.5, 35.43, 0, 180],
		[27, "C11_1", 1804.6, -1381.69, "T", "SMD", "VBUS", "", "R", 31.5, 35.43, 0, 180],
		[28, "C11_2", 1749.48, -1381.69, "T", "SMD", "GND", "GND", "R", 31.5, 35.43, 0, 180],
		[29, "C12_1", 2454.21, -950.35, "T", "SMD", "VBUS", "", "R", 31.5, 35.43, 0, 270],
		[30, "C12_2", 2454.21, -1005.47, "T", "SMD", "GND", "GND", "R", 31.5, 35.43, 0, 270],
		[31, "C13_1", 2524.21, -950.35, "T", "SMD", "VBUS", "", "R", 31.5, 35.43, 0, 270],
		[32, "C13_2", 2524.21, -1005.47, "T", "SMD", "GND", "GND", "R", 31.5, 35.43, 0, 270],
		[33, "F3_1", 1421.58, -265, "T", "SMD", "VCC", "", "R", 78.74, 125.98, 0, 360],
		[34, "F3_2", 1618.42, -265, "T", "SMD", "VBUS", "", "R", 78.74, 125.98, 0, 360],
		[35, "LED1_1", 1425, -476.69, "T", "SMD", "$1N4609", "", "R", 39.37, 49.21, 0, 180],
		[36, "LED1_2", 1511.62, -476.69, "T", "SMD", "VBUS", "", "R", 39.37, 49.21, 0, 180],
		[37, "U1_1", 819.59, -645.47, "T", "SMD", "XO", "", "R", 11.02, 26.18, 0, 270],
		[38, "U1_2", 819.59, -665.16, "T", "SMD", "XI", "", "R", 11.02, 26.18, 0, 270],
		[39, "U1_3", 819.59, -684.84, "T", "SMD", "DM4", "", "R", 11.02, 26.18, 0, 270],
		[40, "U1_4", 819.59, -704.53, "T", "SMD", "DP4", "", "R", 11.02, 26.18, 0, 270],
		[41, "U1_5", 845.47, -730.41, "T", "SMD", "DM3", "", "R", 26.18, 11.02, 0, 270],
		[42, "U1_6", 865.16, -730.41, "T", "SMD", "DP3", "", "R", 26.18, 11.02, 0, 270],
		[43, "U1_7", 884.84, -730.41, "T", "SMD", "DM2", "", "R", 26.18, 11.02, 0, 270],
		[44, "U1_8", 904.53, -730.41, "T", "SMD", "DP2", "", "R", 26.18, 11.02, 0, 270],
		[45, "U1_9", 930.41, -704.53, "T", "SMD", "DM1", "", "R", 11.02, 26.18, 0, 270],
		[46, "U1_10", 930.41, -684.84, "T", "SMD", "DP1", "", "R", 11.02, 26.18, 0, 270],
		[47, "U1_11", 930.41, -665.16, "T", "SMD", "DMU", "", "R", 11.02, 26.18, 0, 270],
		[48, "U1_12", 930.41, -645.47, "T", "SMD", "DPU", "", "R", 11.02, 26.18, 0, 270],
		[49, "U1_13", 904.53, -619.59, "T", "SMD", "U1_13", "", "R", 26.18, 11.02, 0, 270],
		[50, "U1_14", 884.84, -619.59, "T", "SMD", "U1_14", "", "R", 26.18, 11.02, 0, 270],
		[51, "U1_15", 865.16, -619.59, "T", "SMD", "VBUS", "", "R", 26.18, 11.02, 0, 270],
		[52, "U1_16", 845.47, -619.59, "T", "SMD", "VDD33", "", "R", 26.18, 11.02, 0, 270],
		[53, "U1_17", 875, -675, "T", "SMD", "GND", "GND", "R", 68.9, 68.9, 0, 270],
		[54, "U5_1", 452.76, -1127.76, "T", "DIP", "VBUS", "", "C", 62.99, 62.99, 43.31, 0],
		[55, "U5_1", 452.76, -1127.76, "B", "DIP", "VBUS", "", "C", 62.99, 62.99, 43.31, 0],
		[56, "U5_2", 551.18, -1127.76, "T", "DIP", "DM4", "", "C", 62.99, 62.99, 43.31, 0],
		[57, "U5_2", 551.18, -1127.76, "B", "DIP", "DM4", "", "C", 62.99, 62.99, 43.31, 0],
		[58, "U5_3", 629.92, -1127.76, "T", "DIP", "DP4", "", "C", 62.99, 62.99, 43.31, 0],
		[59, "U5_3", 629.92, -1127.76, "B", "DIP", "DP4", "", "C", 62.99, 62.99, 43.31, 0],
		[60, "U5_4", 728.35, -1127.76, "T", "DIP", "GND", "GND", "C", 62.99, 62.99, 43.31, 0],
		[61, "U5_4", 728.35, -1127.76, "B", "DIP", "GND", "GND", "C", 62.99, 62.99, 43.31, 0],
		[62, "U5_5", 331.89, -1234.45, "T", "DIP", "GND", "GND", "O", 125.98, 70.87, 98.42, 90],
		[63, "U5_5", 331.89, -1234.45, "B", "DIP", "GND", "GND", "O", 125.98, 70.87, 98.42, 90],
		[64, "U5_6", 849.21, -1234.45, "T", "DIP", "GND", "GND", "O", 125.98, 70.87, 98.42, 270],
		[65, "U5_6", 849.21, -1234.45, "B", "DIP", "GND", "GND", "O", 125.98, 70.87, 98.42, 270],
		[66, "U6_1", 1240.16, -1127.76, "T", "DIP", "VBUS", "", "C", 62.99, 62.99, 43.31, 0],
		[67, "U6_1", 1240.16, -1127.76, "B", "DIP", "VBUS", "", "C", 62.99, 62.99, 43.31, 0],
		[68, "U6_2", 1338.58, -1127.76, "T", "DIP", "DM3", "", "C", 62.99, 62.99, 43.31, 0],
		[69, "U6_2", 1338.58, -1127.76, "B", "DIP", "DM3", "", "C", 62.99, 62.99, 43.31, 0],
		[70, "U6_3", 1417.32, -1127.76, "T", "DIP", "DP3", "", "C", 62.99, 62.99, 43.31, 0],
		[71, "U6_3", 1417.32, -1127.76, "B", "DIP", "DP3", "", "C", 62.99, 62.99, 43.31, 0],
		[72, "U6_4", 1515.75, -1127.76, "T", "DIP", "GND", "GND", "C", 62.99, 62.99, 43.31, 0],
		[73, "U6_4", 1515.75, -1127.76, "B", "DIP", "GND", "GND", "C", 62.99, 62.99, 43.31, 0],
		[74, "U6_5", 1119.29, -1234.45, "T", "DIP", "GND", "GND", "O", 125.98, 70.87, 98.42, 90],
		[75, "U6_5", 1119.29, -1234.45, "B", "DIP", "GND", "GND", "O", 125.98, 70.87, 98.42, 90],
		[76, "U6_6", 1636.61, -1234.45, "T", "DIP", "GND", "GND", "O", 125.98, 70.87, 98.42, 270],
		[77, "U6_6", 1636.61, -1234.45, "B", "DIP", "GND", "GND", "O", 125.98, 70.87, 98.42, 270],
		[78, "U7_1", 2027.56, -1127.76, "T", "DIP", "VBUS", "", "C", 62.99, 62.99, 43.31, 0],
		[79, "U7_1", 2027.56, -1127.76, "B", "DIP", "VBUS", "", "C", 62.99, 62.99, 43.31, 0],
		[80, "U7_2", 2125.98, -1127.76, "T", "DIP", "DM2", "", "C", 62.99, 62.99, 43.31, 0],
		[81, "U7_2", 2125.98, -1127.76, "B", "DIP", "DM2", "", "C", 62.99, 62.99, 43.31, 0],
		[82, "U7_3", 2204.72, -1127.76, "T", "DIP", "DP2", "", "C", 62.99, 62.99, 43.31, 0],
		[83, "U7_3", 2204.72, -1127.76, "B", "DIP", "DP2", "", "C", 62.99, 62.99, 43.31, 0],
		[84, "U7_4", 2303.15, -1127.76, "T", "DIP", "GND", "GND", "C", 62.99, 62.99, 43.31, 0],
		[85, "U7_4", 2303.15, -1127.76, "B", "DIP", "GND", "GND", "C", 62.99, 62.99, 43.31, 0],
		[86, "U7_5", 1906.69, -1234.45, "T", "DIP", "GND", "GND", "O", 125.98, 70.87, 98.42, 90],
		[87, "U7_5", 1906.69, -1234.45, "B", "DIP", "GND", "GND", "O", 125.98, 70.87, 98.42, 90],
		[88, "U7_6", 2424.01, -1234.45, "T", "DIP", "GND", "GND", "O", 125.98, 70.87, 98.42, 270],
		[89, "U7_6", 2424.01, -1234.45, "B", "DIP", "GND", "GND", "O", 125.98, 70.87, 98.42, 270],
		[90, "U8_1", 2308.86, -728.34, "T", "DIP", "VBUS", "", "C", 62.99, 62.99, 43.31, 90],
		[91, "U8_1", 2308.86, -728.34, "B", "DIP", "VBUS", "", "C", 62.99, 62.99, 43.31, 90],
		[92, "U8_2", 2308.86, -629.92, "T", "DIP", "DM1", "", "C", 62.99, 62.99, 43.31, 90],
		[93, "U8_2", 2308.86, -629.92, "B", "DIP", "DM1", "", "C", 62.99, 62.99, 43.31, 90],
		[94, "U8_3", 2308.86, -551.18, "T", "DIP", "DP1", "", "C", 62.99, 62.99, 43.31, 90],
		[95, "U8_3", 2308.86, -551.18, "B", "DIP", "DP1", "", "C", 62.99, 62.99, 43.31, 90],
		[96, "U8_4", 2308.86, -452.75, "T", "DIP", "GND", "GND", "C", 62.99, 62.99, 43.31, 90],
		[97, "U8_4", 2308.86, -452.75, "B", "DIP", "GND", "GND", "C", 62.99, 62.99, 43.31, 90],
		[98, "U8_5", 2415.55, -849.21, "T", "DIP", "GND", "GND", "O", 125.98, 70.87, 98.42, 180],
		[99, "U8_5", 2415.55, -849.21, "B", "DIP", "GND", "GND", "O", 125.98, 70.87, 98.42, 180],
		[100, "U8_6", 2415.55, -331.89, "T", "DIP", "GND", "GND", "O", 125.98, 70.87, 98.42, 0],
		[101, "U8_6", 2415.55, -331.89, "B", "DIP", "GND", "GND", "O", 125.98, 70.87, 98.42, 0],
		[102, "USB6_1", 1235.08, -244.49, "T", "DIP", "USB6_1", "", "O", 39.37, 78.74, 66.93, 180],
		[103, "USB6_1", 1235.08, -244.49, "B", "DIP", "USB6_1", "", "O", 39.37, 78.74, 66.93, 180],
		[104, "USB6_2", 894.92, -244.49, "T", "DIP", "USB6_2", "", "O", 39.37, 78.74, 66.93, 180],
		[105, "USB6_2", 894.92, -244.49, "B", "DIP", "USB6_2", "", "O", 39.37, 78.74, 66.93, 180],
		[106, "USB6_3", 1235.08, -79.92, "T", "DIP", "USB6_3", "", "O", 39.37, 70.87, 55.12, 180],
		[107, "USB6_3", 1235.08, -79.92, "B", "DIP", "USB6_3", "", "O", 39.37, 70.87, 55.12, 180],
		[108, "USB6_4", 894.92, -79.92, "T", "DIP", "USB6_4", "", "O", 39.37, 70.87, 55.12, 180],
		[109, "USB6_4", 894.92, -79.92, "B", "DIP", "USB6_4", "", "O", 39.37, 70.87, 55.12, 180],
		[110, "USB6_A1", 1196.89, -270.08, "T", "SMD", "GND", "GND", "R", 11.81, 51.18, 0, 180],
		[111, "USB6_A12", 933.11, -270.08, "T", "SMD", "GND", "GND", "R", 11.81, 51.18, 0, 180],
		[112, "USB6_A4", 1165.39, -270.08, "T", "SMD", "VCC", "", "R", 11.81, 51.18, 0, 180],
		[113, "USB6_A5", 1114.21, -270.08, "T", "SMD", "CC1", "", "R", 11.81, 51.18, 0, 180],
		[114, "USB6_A6", 1074.84, -270.08, "T", "SMD", "DPU", "", "R", 11.81, 51.18, 0, 180],
		[115, "USB6_A7", 1055.16, -270.08, "T", "SMD", "DMU", "", "R", 11.81, 51.18, 0, 180],
		[116, "USB6_A8", 1015.8, -270.08, "T", "SMD", "USB6_A8", "", "R", 11.81, 51.18, 0, 180],
		[117, "USB6_A9", 964.61, -270.08, "T", "SMD", "VCC", "", "R", 11.81, 51.18, 0, 0],
		[118, "USB6_B1", 944.92, -270.08, "T", "SMD", "GND", "GND", "R", 11.81, 51.18, 0, 180],
		[119, "USB6_B12", 1185.08, -270.08, "T", "SMD", "GND", "GND", "R", 11.81, 51.18, 0, 180],
		[120, "USB6_B4", 976.42, -270.08, "T", "SMD", "VCC", "", "R", 11.81, 51.18, 0, 0],
		[121, "USB6_B5", 996.1, -270.08, "T", "SMD", "CC2", "", "R", 11.81, 51.18, 0, 180],
		[122, "USB6_B6", 1035.47, -270.08, "T", "SMD", "DPU", "", "R", 11.81, 51.18, 0, 180],
		[123, "USB6_B7", 1094.53, -270.08, "T", "SMD", "DMU", "", "R", 11.81, 51.18, 0, 180],
		[124, "USB6_B8", 1133.9, -270.08, "T", "SMD", "USB6_B8", "", "R", 11.81, 51.18, 0, 180],
		[125, "USB6_B9", 1153.58, -270.08, "T", "SMD", "VCC", "", "R", 11.81, 51.18, 0, 180],
		[126, "X1_1", 430, -751.06, "T", "DIP", "XI", "", "R", 59.05, 59.05, 35.43, 90],
		[127, "X1_1", 430, -751.06, "B", "DIP", "XI", "", "R", 59.05, 59.05, 35.43, 90],
		[128, "X1_2", 430, -558.94, "T", "DIP", "XO", "", "C", 59.05, 59.05, 35.43, 90],
		[129, "X1_2", 430, -558.94, "B", "DIP", "XO", "", "C", 59.05, 59.05, 35.43, 90]
	]
}
}