{
"lengthUnit": "mil",
"components": {
	"fields": ["COMPONENT_NO", "COMPONENT_NAME", "LAYER", "X_COORDINATE", "Y_COORDINATE", "ANGLE"],
	"rows": [
		[1, "C1", "T", 1967.09, -129.22, 90],
		[2, "C2", "T", 1932.07, -304.22, 0],
		[3, "C3", "T", 620, -255.82, 270],
		[4, "C4", "T", 495, -255.82, 270],
		[5, "C5", "T", 951.48, -255.82, 270],
		[6, "C6", "T", 159.96, -1191.69, 180],
		[7, "C7", "T", 159.96, -1122.36, 180],
		[8, "C8", "T", 988.74, -1376.69, 180],
		[9, "C9", "T", 988.74, -1307.36, 180],
		[10, "C10", "T", 1777.04, -1312.36, 180],
		[11, "C11", "T", 1777.04, -1381.69, 180],
		[12, "C12", "T", 2454.21, -977.91, 270],
		[13, "C13", "T", 2524.21, -977.91, 270],
		[14, "F1", "T", 2132.08, -192.71, 270],
		[15, "F2", "T", 799.24, -192.71, 90],
		[16, "LED1", "T", 176.68, -1003.78, 270],
		[17, "LED2", "T", 1005.47, -1188.78, 270],
		[18, "LED3", "T", 1793.77, -1193.78, 270],
		[19, "LED4", "T", 2336.69, -961.18, 0],
		[20, "LED5", "T", 1850, -135, 270],
		[21, "U1", "T", 875, -675, 270],
		[22, "U2", "T", 1377.95, -393.7, 180],
		[23, "U5", "T", 590.55, -1181.1, 0],
		[24, "U6", "T", 1377.95, -1181.1, 0],
		[25, "U7", "T", 2165.35, -1181.1, 0],
		[26, "U8", "T", 2362.2, -590.55, 90],
		[27, "X1", "T", 430, -655, 90]
	]
},
"pins": {
	"fields": ["PIN_NO", "PIN_NAME", "PIN_X", "PIN_Y", "LAYER", "PIN_TYPE", "NET_NAME", "NET_TYPE", "PAD_SHAPE", "PAD_SIZEX", "PAD_SIZEY", "HOLE_SIZE", "PAD_ANGLE"],
	"rows": [
		[1, "C1_1", 1967.09, -168.59, "T", "SMD", "GND", "GND", "R", 55.51, 53.15, 0, 90],
		[2, "C1_2", 1967.09, -89.85, "T", "SMD", "VCC_5V", "", "R", 55.51, 53.15, 0, 90],
		[3, "C2_1", 1892.7, -304.22, "T", "SMD", "GND", "GND", "R", 55.51, 53.15, 0, 0],
		[4, "C2_2", 1971.44, -304.22, "T", "SMD", "VBUS", "", "R", 55.51, 53.15, 0, 0],
		[5, "C3_1", 620, -216.45, "T", "SMD", "GND", "GND", "R", 55.51, 53.15, 0, 270],
		[6, "C3_2", 620, -295.19, "T", "SMD", "VDD33", "", "R", 55.51, 53.15, 0, 270],
		[7, "C4_1", 495, -216.45, "T", "SMD", "GND", "GND", "R", 55.51, 53.15, 0, 270],
		[8, "C4_2", 495, -295.19, "T", "SMD", "VDD33", "", "R", 55.51, 53.15, 0, 270],
		[9, "C5_1", 951.48, -216.45, "T", "SMD", "GND", "GND", "R", 55.51, 53.15, 0, 270],
		[10, "C5_2", 951.48, -295.19, "T", "SMD", "V5", "", "R", 55.51, 53.15, 0, 270],
		[11, "C6_1", 187.52, -1191.69, "T", "SMD", "VBUS", "", "R", 31.5, 35.43, 0, 180],
		[12, "C6_2", 132.4, -1191.69, "T", "SMD", "GND", "GND", "R", 31.5, 35.43, 0, 180],
		[13, "C7_1", 187.52, -1122.36, "T", "SMD", "VBUS", "", "R", 31.5, 35.43, 0, 180],
		[14, "C7_2", 132.4, -1122.36, "T", "SMD", "GND", "GND", "R", 31.5, 35.43, 0, 180],
		[15, "C8_1", 1016.3, -1376.69, "T", "SMD", "VBUS", "", "R", 31.5, 35.43, 0, 180],
		[16, "C8_2", 961.18, -1376.69, "T", "SMD", "GND", "GND", "R", 31.5, 35.43, 0, 180],
		[17, "C9_1", 1016.3, -1307.36, "T", "SMD", "VBUS", "", "R", 31.5, 35.43, 0, 180],
		[18, "C9_2", 961.18, -1307.36, "T", "SMD", "GND", "GND", "R", 31.5, 35.43, 0, 180],
		[19, "C10_1", 1804.6, -1312.36, "T", "SMD", "VBUS", "", "R", 31.5, 35.43, 0, 180],
		[20, "C10_2", 1749.48, -1312.36, "T", "SMD", "GND", "GND", "R", 31.5, 35.43, 0, 180],
		[21, "C11_1", 1804.6, -1381.69, "T", "SMD", "VBUS", "", "R", 31.5, 35.43, 0, 180],
		[22, "C11_2", 1749.48, -1381.69, "T", "SMD", "GND", "GND", "R", 31.5, 35.43, 0, 180],
		[23, "C12_1", 2454.21, -950.35, "T", "SMD", "VBUS", "", "R", 31.5, 35.43, 0, 270],
		[24, "C12_2", 2454.21, -1005.47, "T", "SMD", "GND", "GND", "R", 31.5, 35.43, 0, 270],
		[25, "C13_1", 2524.21, -950.35, "T", "SMD", "VBUS", "", "R", 31.5, 35.43, 0, 270],
		[26, "C13_2", 2524.21, -1005.47, "T", "SMD", "GND", "GND", "R", 31.5, 35.43, 0, 270],
		[27, "F1_1", 2132.08, -94.29, "T", "SMD", "VCC_5V", "", "R", 78.74, 125.98, 0, 270],
		[28, "F1_2", 2132.08, -291.13, "T", "SMD", "VBUS", "", "R", 78.74, 125.98, 0, 270],
		[29, "F2_1", 799.24, -291.13, "T", "SMD", "V5", "", "R", 78.74, 125.98, 0, 90],
		[30, "F2_2", 799.24, -94.29, "T", "SMD", "VCC_5V", "", "R", 78.74, 125.98, 0, 90],
		[31, "LED1_1", 176.89, -958.5, "T", "SMD", "$1N3132", "", "R", 39.37, 49.21, 0, 90],
		[32, "LED1_2", 176.89, -1045.12, "T", "SMD", "VBUS", "", "R", 39.37, 49.21, 0, 90],
		[33, "LED2_1", 1005.67, -1143.5, "T", "SMD", "$1N3145", "", "R", 39.37, 49.21, 0, 90],
		[34, "LED2_2", 1005.67, -1230.12, "T", "SMD", "VBUS", "", "R", 39.37, 49.21, 0, 90],
		[35, "LED3_1", 1793.97, -1148.5, "T", "SMD", "$1N3153", "", "R", 39.37, 49.21, 0, 90],
		[36, "LED3_2", 1793.97, -1235.12, "T", "SMD", "VBUS", "", "R", 39.37, 49.21, 0, 90],
		[37, "LED4_1", 2291.41, -960.98, "T", "SMD", "$1N3161", "", "R", 39.37, 49.21, 0, 180],
		[38, "LED4_2", 2378.03, -960.98, "T", "SMD", "VBUS", "", "R", 39.37, 49.21, 0, 180],
		[39, "LED5_1", 1850.2, -89.72, "T", "SMD", "VCC_5V", "", "R", 39.37, 49.21, 0, 90],
		[40, "LED5_2", 1850.2, -176.34, "T", "SMD", "$1N3218", "", "R", 39.37, 49.21, 0, 90],
		[41, "U1_1", 819.59, -645.47, "T", "SMD", "XO", "", "R", 11.02, 26.18, 0, 270],
		[42, "U1_2", 819.59, -665.16, "T", "SMD", "XI", "", "R", 11.02, 26.18, 0, 270],
		[43, "U1_3", 819.59, -684.84, "T", "SMD", "DM4", "", "R", 11.02, 26.18, 0, 270],
		[44, "U1_4", 819.59, -704.53, "T", "SMD", "DP4", "", "R", 11.02, 26.18, 0, 270],
		[45, "U1_5", 845.47, -730.41, "T", "SMD", "DM3", "", "R", 26.18, 11.02, 0, 270],
		[46, "U1_6", 865.16, -730.41, "T", "SMD", "DP3", "", "R", 26.18, 11.02, 0, 270],
		[47, "U1_7", 884.84, -730.41, "T", "SMD", "DM2", "", "R", 26.18, 11.02, 0, 270],
		[48, "U1_8", 904.53, -730.41, "T", "SMD", "DP2", "", "R", 26.18, 11.02, 0, 270],
		[49, "U1_9", 930.41, -704.53, "T", "SMD", "DM1", "", "R", 11.02, 26.18, 0, 270],
		[50, "U1_10", 930.41, -684.84, "T", "SMD", "DP1", "", "R", 11.02, 26.18, 0, 270],
		[51, "U1_11", 930.41, -665.16, "T", "SMD", "DMU", "", "R", 11.02, 26.18, 0, 270],
		[52, "U1_12", 930.41, -645.47, "T", "SMD", "DPU", "", "R", 11.02, 26.18, 0, 270],
		[53, "U1_13", 904.53, -619.59, "T", "SMD", "U1_13", "", "R", 26.18, 11.02, 0, 270],
		[54, "U1_14", 884.84, -619.59, "T", "SMD", "U1_14", "", "R", 26.18, 11.02, 0, 270],
		[55, "U1_15", 865.16, -619.59, "T", "SMD", "V5", "", "R", 26.18, 11.02, 0, 270],
		[56, "U1_16", 845.47, -619.59, "T", "SMD", "VDD33", "", "R", 26.18, 11.02, 0, 270],
		[57, "U1_17", 875, -675, "T", "SMD", "GND", "GND", "R", 68.9, 68.9, 0, 270],
		[58, "U2_1", 1515.74, -447.05, "T", "DIP", "$1N3218", "", "C", 62.99, 62.99, 43.31, 180],
		[59, "U2_1", 1515.74, -447.05, "B", "DIP", "$1N3218", "", "C", 62.99, 62.99, 43.31, 180],
		[60, "U2_2", 1417.32, -447.05, "T", "DIP", "DMU", "", "C", 62.99, 62.99, 43.31, 180],
		[61, "U2_2", 1417.32, -447.05, "B", "DIP", "DMU", "", "C", 62.99, 62.99, 43.31, 180],
		[62, "U2_3", 1338.58, -447.05, "T", "DIP", "DPU", "", "C", 62.99, 62.99, 43.31, 180],
		[63, "U2_3", 1338.58, -447.05, "B", "DIP", "DPU", "", "C", 62.99, 62.99, 43.31, 180],
		[64, "U2_4", 1240.15, -447.05, "T", "DIP", "GND", "GND", "C", 62.99, 62.99, 43.31, 180],
		[65, "U2_4", 1240.15, -447.05, "B", "DIP", "GND", "GND", "C", 62.99, 62.99, 43.31, 180],
		[66, "U2_5", 1636.61, -340.36, "T", "DIP", "GND", "GND", "O", 125.98, 70.87, 98.42, 270],
		[67, "U2_5", 1636.61, -340.36, "B", "DIP", "GND", "GND", "O", 125.98, 70.87, 98.42, 270],
		[68, "U2_6", 1119.29, -340.36, "T", "DIP", "GND", "GND", "O", 125.98, 70.87, 98.42, 90],
		[69, "U2_6", 1119.29, -340.36, "B", "DIP", "GND", "GND", "O", 125.98, 70.87, 98.42, 90],
		[70, "U5_1", 452.76, -1127.76, "T", "DIP", "$1N3132", "", "C", 62.99, 62.99, 43.31, 0],
		[71, "U5_1", 452.76, -1127.76, "B", "DIP", "$1N3132", "", "C", 62.99, 62.99, 43.31, 0],
		[72, "U5_2", 551.18, -1127.76, "T", "DIP", "DM4", "", "C", 62.99, 62.99, 43.31, 0],
		[73, "U5_2", 551.18, -1127.76, "B", "DIP", "DM4", "", "C", 62.99, 62.99, 43.31, 0],
		[74, "U5_3", 629.92, -1127.76, "T", "DIP", "DP4", "", "C", 62.99, 62.99, 43.31, 0],
		[75, "U5_3", 629.92, -1127.76, "B", "DIP", "DP4", "", "C", 62.99, 62.99, 43.31, 0],
		[76, "U5_4", 728.35, -1127.76, "T", "DIP", "GND", "GND", "C", 62.99, 62.99, 43.31, 0],
		[77, "U5_4", 728.35, -1127.76, "B", "DIP", "GND", "GND", "C", 62.99, 62.99, 43.31, 0],
		[78, "U5_5", 331.89, -1234.45, "T", "DIP", "GND", "GND", "O", 125.98, 70.87, 98.42, 90],
		[79, "U5_5", 331.89, -1234.45, "B", "DIP", "GND", "GND", "O", 125.98, 70.87, 98.42, 90],
		[80, "U5_6", 849.21, -1234.45, "T", "DIP", "GND", "GND", "O", 125.98, 70.87, 98.42, 270],
		[81, "U5_6", 849.21, -1234.45, "B", "DIP", "GND", "GND", "O", 125.98, 70.87, 98.42, 270],
		[82, "U6_1", 1240.16, -1127.76, "T", "DIP", "$1N3145", "", "C", 62.99, 62.99, 43.31, 0],
		[83, "U6_1", 1240.16, -1127.76, "B", "DIP", "$1N3145", "", "C", 62.99, 62.99, 43.31, 0],
		[84, "U6_2", 1338.58, -1127.76, "T", "DIP", "DM3", "", "C", 62.99, 62.99, 43.31, 0],
		[85, "U6_2", 1338.58, -1127.76, "B", "DIP", "DM3", "", "C", 62.99, 62.99, 43.31, 0],
		[86, "U6_3", 1417.32, -1127.76, "T", "DIP", "DP3", "", "C", 62.99, 62.99, 43.31, 0],
		[87, "U6_3", 1417.32, -1127.76, "B", "DIP", "DP3", "", "C", 62.99, 62.99, 43.31, 0],
		[88, "U6_4", 1515.75, -1127.76, "T", "DIP", "GND", "GND", "C", 62.99, 62.99, 43.31, 0],
		[89, "U6_4", 1515.75, -1127.76, "B", "DIP", "GND", "GND", "C", 62.99, 62.99, 43.31, 0],
		[90, "U6_5", 1119.29, -1234.45, "T", "DIP", "GND", "GND", "O", 125.98, 70.87, 98.42, 90],
		[91, "U6_5", 1119.29, -1234.45, "B", "DIP", "GND", "GND", "O", 125.98, 70.87, 98.42, 90],
		[92, "U6_6", 1636.61, -1234.45, "T", "DIP", "GND", "GND", "O", 125.98, 70.87, 98.42, 270],
		[93, "U6_6", 1636.61, -1234.45, "B", "DIP", "GND", "GND", "O", 125.98, 70.87, 98.42, 270],
		[94, "U7_1", 2027.56, -1127.76, "T", "DIP", "$1N3153", "", "C", 62.99, 62.99, 43.31, 0],
		[95, "U7_1", 2027.56, -1127.76, "B", "DIP", "$1N3153", "", "C", 62.99, 62.99, 43.31, 0],
		[96, "U7_2", 2125.98, -1127.76, "T", "DIP", "DM2", "", "C", 62.99, 62.99, 43.31, 0],
		[97, "U7_2", 2125.98, -1127.76, "B", "DIP", "DM2", "", "C", 62.99, 62.99, 43.31, 0],
		[98, "U7_3", 2204.72, -1127.76, "T", "DIP", "DP2", "", "C", 62.99, 62.99, 43.31, 0],
		[99, "U7_3", 2204.72, -1127.76, "B", "DIP", "DP2", "", "C", 62.99, 62.99, 43.31, 0],
		[100, "U7_4", 2303.15, -1127.76, "T", "DIP", "GND", "GND", "C", 62.99, 62.99, 43.31, 0],
		[101, "U7_4", 2303.15, -1127.76, "B", "DIP", "GND", "GND", "C", 62.99, 62.99, 43.31, 0],
		[102, "U7_5", 1906.69, -1234.45, "T", "DIP", "GND", "GND", "O", 125.98, 70.87, 98.42, 90],
		[103, "U7_5", 1906.69, -1234.45, "B", "DIP", "GND", "GND", "O", 125.98, 70.87, 98.42, 90],
		[104, "U7_6", 2424.01, -1234.45, "T", "DIP", "GND", "GND", "O", 125.98, 70.87, 98.42, 270],
		[105, "U7_6", 2424.01, -1234.45, "B", "DIP", "GND", "GND", "O", 125.98, 70.87, 98.42, 270],
		[106, "U8_1", 2308.86, -728.34, "T", "DIP", "$1N3161", "", "C", 62.99, 62.99, 43.31, 90],
		[107, "U8_1", 2308.86, -728.34, "B", "DIP", "$1N3161", "", "C", 62.99, 62.99, 43.31, 90],
		[108, "U8_2", 2308.86, -629.92, "T", "DIP", "DM1", "", "C", 62.99, 62.99, 43.31, 90],
		[109, "U8_2", 2308.86, -629.92, "B", "DIP", "DM1", "", "C", 62.99, 62.99, 43.31, 90],
		[110, "U8_3", 2308.86, -551.18, "T", "DIP", "DP1", "", "C", 62.99, 62.99, 43.31, 90],
		[111, "U8_3", 2308.86, -551.18, "B", "DIP", "DP1", "", "C", 62.99, 62.99, 43.31, 90],
		[112, "U8_4", 2308.86, -452.75, "T", "DIP", "GND", "GND", "C", 62.99, 62.99, 43.31, 90],
		[113, "U8_4", 2308.86, -452.75, "B", "DIP", "GND", "GND", "C", 62.99, 62.99, 43.31, 90],
		[114, "U8_5", 2415.55, -849.21, "T", "DIP", "GND", "GND", "O", 125.98, 70.87, 98.42, 180],
		[115, "U8_5", 2415.55, -849.21, "B", "DIP", "GND", "GND", "O", 125.98, 70.87, 98.42, 180],
		[116, "U8_6", 2415.55, -331.89, "T", "DIP", "GND", "GND", "O", 125.98, 70.87, 98.42, 0],
		[117, "U8_6", 2415.55, -331.89, "B", "DIP", "GND", "GND", "O", 125.98, 70.87, 98.42, 0],
		[118, "X1_1", 430, -751.06, "T", "DIP", "XI", "", "R", 59.05, 59.05, 35.43, 90],
		[119, "X1_1", 430, -751.06, "B", "DIP", "XI", "", "R", 59.05, 59.05, 35.43, 90],
		[120, "X1_2", 430, -558.94, "T", "DIP", "XO", "", "C", 59.05, 59.05, 35.43, 90],
		[121, "X1_2", 430, -558.94, "B", "DIP", "XO", "", "C", 59.05, 59.05, 35.43, 90]
	]
}
}